protein_id,lysine_position_1based,sequence,label,probability,predicted_label
sp|Q5SX40|MYH1_MOUSE,949,AEDEEEINAELTAKKRKLEDECSELKKDIDDLE,0,0.9408458,1
sp|Q5SX40|MYH1_MOUSE,207,RVIQYFATIAVTGEKKKEEATSGKMQGTLEDQI,0,0.9360205,1
sp|Q5SX40|MYH1_MOUSE,601,YAGTVDYNIAGWLDKNKDPLNETVVGLYQKSSM,0,0.9256743,1
sp|Q5SX40|MYH1_MOUSE,1090,MDVENDKQQLDEKLKKKEFEMSNLQSKIEDEQA,0,0.86764586,1
sp|Q5SX40|MYH1_MOUSE,1764,MEDIVQEARNAEEKAKKAITDAAMMAEELKKEQ,0,0.85888404,1
sp|Q5SX40|MYH1_MOUSE,872,MANMKEEFEKAKENLAKAEAKRKELEEKMVALM,0,0.85264957,1
sp|Q5SX40|MYH1_MOUSE,1116,KIEDEQALGMQLQKKIKELQARIEELEEEIEAE,0,0.8293934,1
sp|Q5SX40|MYH1_MOUSE,1624,LDAEIRSRNDAIRLKKKMEGDLNEMEIQLNHSN,0,0.8232643,1
sp|Q5SX40|MYH1_MOUSE,1466,DKKQRNFDKILAEWKQKYEETHAELEASQKESR,0,0.81918895,1
sp|Q5SX40|MYH1_MOUSE,1269,EKMCRTLEDQVSELKTKEEEQQRLINELTAQRG,0,0.8080574,1
